#{"t_start": 1686518991.6474693, "env_id": "SuperMarioBros-1-1-v0"}
r,l,t
242.0,154,5.469864
242.0,154,7.457427
139.0,8019,1024.103733
233.0,162,1026.171818
