#{"t_start": 1683878785.1548522, "env_id": "SuperMarioBros-1-1-v0"}
r,l,t
267.0,8019,86.176203
